file	bytes	sha256
cicada_p54_minimal_public_verifier.py	18383	b7100a76b58ed859453d8aaae2aa884cabbd880fe30b1952e4d40c6a9c94320a
cicada_p54_minimal_public_verifier_README.md	786	32a114dd06aa1fc61085b1190aff8b03759f5f28f537921d8b80cb8aef588739
cicada_p54_minimal_public_verifier_report.txt	689	5aaef7216194e519da2d98a92e4dcf0572b851ac5d36d8aa20acf1fae264b716
cicada_p54_minimal_public_verifier_claim_card.md	481	1c33ab4a775b965ad68bda1f88b50b93d920815cc5587b133506c7e5dd21f8a4
cicada_p54_minimal_public_verifier_facts.tsv	1298	98986c68f42406fe92983acffe50ababe640890015c67e9e1f043521fa6d1821
cicada_p54_minimal_public_verifier_events.tsv	386	c0351f1efd498c172bf093f202f6ced6c52bad7a8ab827e80a5eb05a56d382c4
cicada_p54_minimal_public_verifier_trace.tsv	9188	f10d6dc727e53c2b6b367ba0e96bf80678939dd9897a6cfde37ef427b7207d25
cicada_p54_minimal_public_verifier_streams.tsv	734	822536091b003bc6ba217e562b0be5c40ce4ec4ea23fc5b0fc0f96fa51fdbd8f
cicada_p54_minimal_public_verifier_shuffle.tsv	608	0d6d90df23a0f36c531703b2f47d7e8f87a0373c667897013598dac8fa532831
cicada_p54_minimal_public_verifier_summary.tsv	252	e6e803bc8c64c4d6a48b0ec3954cd4dadfef7a25fa25165c29d265e75f3c3a7e
cicada_p54_minimal_public_verifier_manifest.json	580	edc960199b12910875a03b1fdd11517b971f194e06cf2ca67627854a68f0c02f
